"","MAP Statistic","dof","chisq","fit","RMSEA","BIC","eChisq","SRMR"
"1",0.0112461155382181,1080,4344.3134914319,0.181437700070154,0.0840028172048145,-2199.53955979644,8678.73227055961,0.0948061942661613
"2",0.0106206512051109,1033,3735.35056140791,0.303638194847201,0.078145561522886,-2523.72369962809,6414.93760690341,0.0815088538319021
"3",0.010770255981298,987,3065.44119519674,0.38292017099779,0.0701046429695671,-2914.91339884249,5022.94261275618,0.0721253072134325
"4",0.0104224811335333,942,2661.7753671604,0.450555792997874,0.0652694263584589,-3045.91868307765,3969.02641979454,0.0641136589603236
"5",0.00937786292413449,898,2237.55772050207,0.514001165062527,0.0589901477449952,-3203.53490913039,2971.14996287525,0.0554716206178441
"6",0.0094335437350444,855,2040.01574770319,0.557060816058185,0.0568577790046928,-3140.53458451925,2441.91587597677,0.0502891062201694
"7",0.00972673344111589,813,1861.69311841133,0.590777261059745,0.0548482084306352,-3064.37403959667,2063.71789475431,0.046231047401662
"8",0.00999165170296848,772,1620.63893908558,0.621273324011751,0.0506253260467815,-3057.00416790357,1707.86775780885,0.0420567479497074
